GR	Αμπελακια/Abelakia	189-02	23.52889	37.95085
GR	Αχαρνές/Acharnes	136-71	23.73355	38.08432
GR	Αχαρνές/Acharnes	136-72	23.73355	38.08432
GR	Αχαρνές/Acharnes	136-73	23.73355	38.08432
GR	Αχαρνές/Acharnes	136-74	23.73355	38.08432
GR	Αχαρνές/Acharnes	136-75	23.73355	38.08432
GR	Αχαρνές/Acharnes	136-76	23.73355	38.08432
GR	Αχαρνές/Acharnes	136-77	23.73355	38.08432
GR	Αχαρνές/Acharnes	136-78	23.73355	38.08432
GR	Αχαρνές/Acharnes	136-79	23.73355	38.08432
GR	Αίγινα/Aegina	180-10	23.50142	37.74088
GR	Αγ. Ιωαννησ Ρεντησ/Ag. Loannis Redis	182-33	23.68241	37.95410
GR	Αγία Παρασκευή/Agia Paraskevi	153-41	23.83170	38.01902
GR	Αγία Παρασκευή/Agia Paraskevi	153-42	23.83170	38.01902
GR	Αγία Παρασκευή/Agia Paraskevi	153-43	23.83170	38.01902
GR	Αγία Βαρβάρα/Agia Varvara	123-51	23.65915	37.99084
GR	Άγιοι Ανάργυροι/Agioi Anargyroi	135-61	23.72186	38.02831
GR	Άγιοι Ανάργυροι/Agioi Anargyroi	135-62	23.72186	38.02831
GR	Άγιος Δημήτριος/Agios Dimitrios	172-36	23.73651	37.93934
GR	Άγιος Δημήτριος/Agios Dimitrios	173-41	23.73651	37.93934
GR	Άγιος Δημήτριος/Agios Dimitrios	173-42	23.73651	37.93934
GR	Άγιος Δημήτριος/Agios Dimitrios	173-43	23.73651	37.93934
GR	Άγιος Στέφανος/Agios Stefanos	145-65	23.86145	38.14744
GR	Άλιμος/Alimos	174-55	23.71576	37.91234
GR	Άλιμος/Alimos	174-56	23.71576	37.91234
GR	Άλιμος/Alimos	176-55	23.71576	37.91234
GR	Ανάβυσσος/Anavyssos	190-13	23.94707	37.73221
GR	Άνοιξη/Anixi	145-69	23.85550	38.12876
GR	Άνω Λιόσια/Ano Liosia	133-41	23.69485	38.06826
GR	Άνω Λιόσια/Ano Liosia	133-42	23.69485	38.06826
GR	Άνω Λιόσια/Ano Liosia	133-43	23.69485	38.06826
GR	Άνω Λιόσια/Ano Liosia	133-44	23.69485	38.06826
GR	Άνω Λιόσια/Ano Liosia	133-45	23.69485	38.06826
GR	Ανθούσα/Anthousa	153-44	21.20000	40.25000
GR	Ανθούσα/Anthousa	153-49	21.20000	40.25000
GR	Αργυρούπολη/Argyroupoli	164-51	23.74914	37.91107
GR	Αργυρούπολη/Argyroupoli	164-52	23.74914	37.91107
GR	Αρτέμιδα/Artemis	190-16	23.99528	37.97134
GR	Ασπρόπυργος/Aspropyrgos	193-00	23.59666	38.08163
GR	Αθήνα/Athens	104-31	23.75882	37.96836
GR	Αθήνα/Athens	104-32	23.75882	37.96836
GR	Αθήνα/Athens	104-33	23.75882	37.96836
GR	Αθήνα/Athens	104-34	23.75882	37.96836
GR	Αθήνα/Athens	104-35	23.75882	37.96836
GR	Αθήνα/Athens	104-36	23.75882	37.96836
GR	Αθήνα/Athens	104-37	23.75882	37.96836
GR	Αθήνα/Athens	104-38	23.75882	37.96836
GR	Αθήνα/Athens	104-39	23.75882	37.96836
GR	Αθήνα/Athens	104-40	23.75882	37.96836
GR	Αθήνα/Athens	104-41	23.75882	37.96836
GR	Αθήνα/Athens	104-42	23.75882	37.96836
GR	Αθήνα/Athens	104-43	23.75882	37.96836
GR	Αθήνα/Athens	104-44	23.75882	37.96836
GR	Αθήνα/Athens	104-45	23.75882	37.96836
GR	Αθήνα/Athens	104-46	23.75882	37.96836
GR	Αθήνα/Athens	104-47	23.75882	37.96836
GR	Αθήνα/Athens	105-51	23.75882	37.96836
GR	Αθήνα/Athens	105-52	23.75882	37.96836
GR	Αθήνα/Athens	105-53	23.75882	37.96836
GR	Αθήνα/Athens	105-54	23.75882	37.96836
GR	Αθήνα/Athens	105-55	23.75882	37.96836
GR	Αθήνα/Athens	105-56	23.75882	37.96836
GR	Αθήνα/Athens	105-57	23.75882	37.96836
GR	Αθήνα/Athens	105-58	23.75882	37.96836
GR	Αθήνα/Athens	105-59	23.75882	37.96836
GR	Αθήνα/Athens	105-60	23.75882	37.96836
GR	Αθήνα/Athens	105-61	23.75882	37.96836
GR	Αθήνα/Athens	105-62	23.75882	37.96836
GR	Αθήνα/Athens	105-63	23.75882	37.96836
GR	Αθήνα/Athens	105-64	23.75882	37.96836
GR	Αθήνα/Athens	106-71	23.75882	37.96836
GR	Αθήνα/Athens	106-72	23.75882	37.96836
GR	Αθήνα/Athens	106-73	23.75882	37.96836
GR	Αθήνα/Athens	106-74	23.75882	37.96836
GR	Αθήνα/Athens	106-75	23.75882	37.96836
GR	Αθήνα/Athens	106-76	23.75882	37.96836
GR	Αθήνα/Athens	106-77	23.75882	37.96836
GR	Αθήνα/Athens	106-78	23.75882	37.96836
GR	Αθήνα/Athens	106-79	23.75882	37.96836
GR	Αθήνα/Athens	106-80	23.75882	37.96836
GR	Αθήνα/Athens	106-81	23.75882	37.96836
GR	Αθήνα/Athens	106-82	23.75882	37.96836
GR	Αθήνα/Athens	106-83	23.75882	37.96836
GR	Αθήνα/Athens	111-41	23.75882	37.96836
GR	Αθήνα/Athens	111-42	23.75882	37.96836
GR	Αθήνα/Athens	111-43	23.75882	37.96836
GR	Αθήνα/Athens	111-44	23.75882	37.96836
GR	Αθήνα/Athens	111-45	23.75882	37.96836
GR	Αθήνα/Athens	111-46	23.75882	37.96836
GR	Αθήνα/Athens	112-51	23.75882	37.96836
GR	Αθήνα/Athens	112-52	23.75882	37.96836
GR	Αθήνα/Athens	112-53	23.75882	37.96836
GR	Αθήνα/Athens	112-54	23.75882	37.96836
GR	Αθήνα/Athens	112-55	23.75882	37.96836
GR	Αθήνα/Athens	112-56	23.75882	37.96836
GR	Αθήνα/Athens	112-57	23.75882	37.96836
GR	Αθήνα/Athens	113-61	23.75882	37.96836
GR	Αθήνα/Athens	113-62	23.75882	37.96836
GR	Αθήνα/Athens	113-63	23.75882	37.96836
GR	Αθήνα/Athens	113-64	23.75882	37.96836
GR	Αθήνα/Athens	114-71	23.75882	37.96836
GR	Αθήνα/Athens	114-72	23.75882	37.96836
GR	Αθήνα/Athens	114-73	23.75882	37.96836
GR	Αθήνα/Athens	114-74	23.75882	37.96836
GR	Αθήνα/Athens	114-75	23.75882	37.96836
GR	Αθήνα/Athens	114-76	23.75882	37.96836
GR	Αθήνα/Athens	115-21	23.75882	37.96836
GR	Αθήνα/Athens	115-22	23.75882	37.96836
GR	Αθήνα/Athens	115-23	23.75882	37.96836
GR	Αθήνα/Athens	115-24	23.75882	37.96836
GR	Αθήνα/Athens	115-25	23.75882	37.96836
GR	Αθήνα/Athens	115-26	23.75882	37.96836
GR	Αθήνα/Athens	115-27	23.75882	37.96836
GR	Αθήνα/Athens	115-28	23.75882	37.96836
GR	Αθήνα/Athens	116-31	23.75882	37.96836
GR	Αθήνα/Athens	116-32	23.75882	37.96836
GR	Αθήνα/Athens	116-33	23.75882	37.96836
GR	Αθήνα/Athens	116-34	23.75882	37.96836
GR	Αθήνα/Athens	116-35	23.75882	37.96836
GR	Αθήνα/Athens	116-36	23.75882	37.96836
GR	Αθήνα/Athens	117-41	23.75882	37.96836
GR	Αθήνα/Athens	117-42	23.75882	37.96836
GR	Αθήνα/Athens	117-43	23.75882	37.96836
GR	Αθήνα/Athens	117-44	23.75882	37.96836
GR	Αθήνα/Athens	117-45	23.75882	37.96836
GR	Αθήνα/Athens	118-51	23.75882	37.96836
GR	Αθήνα/Athens	118-52	23.75882	37.96836
GR	Αθήνα/Athens	118-53	23.75882	37.96836
GR	Αθήνα/Athens	118-54	23.75882	37.96836
GR	Αθήνα/Athens	118-55	23.75882	37.96836
GR	Αθήνα/Athens	161-21	23.75882	37.96836
GR	Αυλώνα/Avlona	190-11	21.30161	40.77706
GR	Χαϊδάρι/Chaidari	124-61	23.65630	38.00676
GR	Χαϊδάρι/Chaidari	124-62	23.65630	38.00676
GR	Χαλάνδρι/Chalandri	152-31	23.84583	38.03489
GR	Χαλάνδρι/Chalandri	152-32	23.84583	38.03489
GR	Χαλάνδρι/Chalandri	152-33	23.84583	38.03489
GR	Χαλάνδρι/Chalandri	152-34	23.84583	38.03489
GR	Χαλάνδρι/Chalandri	152-35	23.84583	38.03489
GR	Χαλάνδρι/Chalandri	152-38	23.84583	38.03489
GR	Χολαργός/Cholargos	155-61	23.80791	37.99413
GR	Χολαργός/Cholargos	155-62	23.80791	37.99413
GR	Δάφνη/Dafni	172-34	23.74395	37.95402
GR	Δάφνη/Dafni	172-35	23.74395	37.95402
GR	Δάφνη/Dafni	172-36	23.74395	37.95402
GR	Δάφνη/Dafni	172-37	23.74395	37.95402
GR	Διονυσοσ/Dionysos	145-76	23.09917	38.88167
GR	Δραπετσώνα/Drapetsona	186-48	23.62216	37.94636
GR	Δροσιά/Drosia	145-72	23.86740	38.11124
GR	Αιαντειο/Eadio	189-03	23.46766	37.92269
GR	Αιγάλεω/Egaleo	122-41	23.68349	37.99040
GR	Αιγάλεω/Egaleo	122-42	23.68349	37.99040
GR	Αιγάλεω/Egaleo	122-43	23.68349	37.99040
GR	Αιγάλεω/Egaleo	122-44	23.68349	37.99040
GR	Εκάλη/Ekali	145-78	23.82278	38.10082
GR	Εκάλη/Ekali	146-71	23.82278	38.10082
GR	Ελευσίνα/Elefsina	192-00	23.54211	38.04325
GR	Ελληνικό/Elliniko	167-77	23.71665	37.97918
GR	Ερυθρές/Erythres	190-08	23.34663	38.22431
GR	Φιλοθέη/Filothei	152-37	23.65617	38.15890
GR	Γαλάτσι/Galatsi	111-46	23.75521	38.01319
GR	Γαλάτσι/Galatsi	111-47	23.75521	38.01319
GR	Γέρακας/Gerakas	153-44	23.85720	38.01208
GR	Γέρακας/Gerakas	163-44	23.85720	38.01208
GR	Γλυφάδα/Glyfada	165-61	23.73353	37.88740
GR	Γλυφάδα/Glyfada	165-62	23.73353	37.88740
GR	Γλυφάδα/Glyfada	166-72	23.73353	37.88740
GR	Γλυφάδα/Glyfada	166-74	23.73353	37.88740
GR	Γλυφάδα/Glyfada	166-75	23.73353	37.88740
GR	Γλυφάδα/Glyfada	167-77	23.73353	37.88740
GR	Γλυκά Νερά/Glyka Nera	153-44	23.84782	37.98459
GR	Γλυκά Νερά/Glyka Nera	153-54	23.84782	37.98459
GR	Ύδρα/Hydra	180-40	23.43594	37.32615
GR	Ίλιο/Ilio	131-21	23.70080	38.03700
GR	Ίλιο/Ilio	131-22	23.70080	38.03700
GR	Ίλιο/Ilio	131-23	23.70080	38.03700
GR	Ηλιούπολη/Ilioupoli	163-41	23.74692	37.93587
GR	Ηλιούπολη/Ilioupoli	163-42	23.74692	37.93587
GR	Ηλιούπολη/Ilioupoli	163-43	23.74692	37.93587
GR	Ηλιούπολη/Ilioupoli	163-44	23.74692	37.93587
GR	Ηλιούπολη/Ilioupoli	163-45	23.74692	37.93587
GR	Ηλιούπολη/Ilioupoli	163-46	23.74692	37.93587
GR	Ηράκλειο/Irakleio	141-21	23.78411	38.06919
GR	Ηράκλειο/Irakleio	141-22	23.78411	38.06919
GR	Ηράκλειο/Irakleio	141-23	23.78411	38.06919
GR	Κάντζα/Kadza	153-74	23.84782	37.98459
GR	Καισαριανή/Kaisariani	161-21	23.75682	37.96990
GR	Καισαριανή/Kaisariani	161-22	23.75682	37.96990
GR	Καλλιθέα/Kallithea	176-71	23.70601	37.96148
GR	Καλλιθέα/Kallithea	176-72	23.70601	37.96148
GR	Καλλιθέα/Kallithea	176-73	23.70601	37.96148
GR	Καλλιθέα/Kallithea	176-74	23.70601	37.96148
GR	Καλλιθέα/Kallithea	176-75	23.70601	37.96148
GR	Καλλιθέα/Kallithea	176-76	23.70601	37.96148
GR	Καλύβια Θορικού/Kalyvia Thorikou	190-10	23.92755	37.83941
GR	Καματερό/Kamatero	134-51	23.70106	38.05647
GR	Καπανδρίτι/Kapandriti	190-14	23.88227	38.26006
GR	Κερατέα/Keratea	190-01	23.97517	37.80795
GR	Κερατσίνι/Keratsini	187-55	23.61749	37.97467
GR	Κερατσίνι/Keratsini	187-56	23.61749	37.97467
GR	Κερατσίνι/Keratsini	187-57	23.61749	37.97467
GR	Κερατσίνι/Keratsini	187-58	23.61749	37.97467
GR	Κηφισιά/Kifissia	145-61	23.79601	38.09161
GR	Κηφισιά/Kifissia	145-62	23.79601	38.09161
GR	Κηφισιά/Kifissia	145-63	23.79601	38.09161
GR	Κηφισιά/Kifissia	145-64	23.79601	38.09161
GR	Κορόπη/Koropi	194-00	23.87239	37.90025
GR	Κορυδαλλός/Korydallos	181-20	23.64946	37.98437
GR	Κορυδαλλός/Korydallos	181-21	23.64946	37.98437
GR	Κορυδαλλός/Korydallos	181-22	23.64946	37.98437
GR	Κρυονέρι/Kryoneri	145-68	21.58501	38.34772
GR	Κρυονέρι/Kryoneri	145-69	21.58501	38.34772
GR	Κύθηρα/Kythira	801-00	23.01643	36.27454
GR	Λαύριο/Laurium	195-00	24.05712	37.71496
GR	Λυκόβρυση/Lykovrysi	141-23	23.78278	38.06707
GR	Μάνδρα,Μάντρα/Mandra	196-00	23.49717	38.07474
GR	Μαραθώνας/Marathon	190-07	23.97744	38.15984
GR	Μαρκόπουλο/Markopoulo	190-03	23.97744	37.88019
GR	Μαρούσι/Marousi	151-22	23.81980	38.05155
GR	Μαρούσι/Marousi	151-23	23.81980	38.05155
GR	Μαρούσι/Marousi	151-24	23.81980	38.05155
GR	Μαρούσι/Marousi	151-25	23.81980	38.05155
GR	Μαρούσι/Marousi	151-26	23.81980	38.05155
GR	Μέγαρα/Megara	191-00	23.31090	38.02170
GR	Μελίσσια/Melissia	151-27	23.83765	38.05772
GR	Μεταμόρφωση,Κουκουβάουνες/Metamorfosi	144-51	23.76551	38.06923
GR	Μεταμόρφωση,Κουκουβάουνες/Metamorfosi	144-52	23.76551	38.06923
GR	Μέθανα/Methana	180-30	23.38530	37.58382
GR	Μοσχάτο/Moschato	183-44	23.68444	37.95919
GR	Μοσχάτο/Moschato	183-45	23.68444	37.95919
GR	Μοσχάτο/Moschato	183-46	23.68444	37.95919
GR	Νέα Χαλκηδόνα/Nea Chalkidona	143-43	23.73312	38.02936
GR	Νέα Ερυθραία/Nea Erythraia	146-71	23.81911	38.09124
GR	Νέα Φιλαδέλφεια/Nea Filadelfeia	143-41	23.74246	38.04311
GR	Νέα Φιλαδέλφεια/Nea Filadelfeia	143-42	23.74246	38.04311
GR	Νέα Ιωνία/Nea Ionia	142-31	23.77370	38.03519
GR	Νέα Ιωνία/Nea Ionia	142-32	23.77370	38.03519
GR	Νέα Ιωνία/Nea Ionia	142-33	23.77370	38.03519
GR	Νέα Ιωνία/Nea Ionia	142-34	23.77370	38.03519
GR	Νέα Ιωνία/Nea Ionia	142-35	23.77370	38.03519
GR	Νέα Μάκρη/Nea Makri	190-05	23.97903	38.08317
GR	Νέα Παλάτια/Nea Palatia	190-15	23.79705	38.32179
GR	Νέα Πεντέλη/Nea Penteli	152-36	23.85939	38.06145
GR	Νέα Πέραμος/Nea Peramos	190-06	24.30239	40.84426
GR	Νέα Σμύρνη/Nea Smyrni	171-21	23.72312	37.94345
GR	Νέα Σμύρνη/Nea Smyrni	171-22	23.72312	37.94345
GR	Νέα Σμύρνη/Nea Smyrni	171-23	23.72312	37.94345
GR	Νέα Σμύρνη/Nea Smyrni	171-24	23.72312	37.94345
GR	Νέο Ψυχικό/Neo Psychiko	154-51	23.78389	38.00461
GR	Νίκαια/Nikaia	184-50	23.64354	37.96818
GR	Νίκαια/Nikaia	184-51	23.64354	37.96818
GR	Νίκαια/Nikaia	184-52	23.64354	37.96818
GR	Νίκαια/Nikaia	184-53	23.64354	37.96818
GR	Νίκαια/Nikaia	184-54	23.64354	37.96818
GR	Νίκαια/Nikaia	185-51	23.64354	37.96818
GR	Παιανία/Paiania	190-02	23.85280	37.95661
GR	Παλαιό Φάληρο/Palaio Faliro	175-61	23.70080	37.93694
GR	Παλαιό Φάληρο/Palaio Faliro	175-62	23.70080	37.93694
GR	Παλαιό Φάληρο/Palaio Faliro	175-63	23.70080	37.93694
GR	Παλαιό Φάληρο/Palaio Faliro	175-64	23.70080	37.93694
GR	Παλλήνη/Pallini	153-44	23.88193	38.00473
GR	Παλλήνη/Pallini	153-51	23.88193	38.00473
GR	Παλουκια/Paloykia	189-01	23.52777	37.96440
GR	Παπαγοσ/Papagos	156-69	23.80493	37.98226
GR	Πεύκη/Pefki	151-21	23.79154	38.05885
GR	Πεντέλη/Penteli	152-36	23.86536	38.04749
GR	Πέραμα/Perama	188-63	20.84559	39.69355
GR	Περιστέρι/Peristeri	121-31	23.67551	38.02613
GR	Περιστέρι/Peristeri	121-32	23.67551	38.02613
GR	Περιστέρι/Peristeri	121-33	23.67551	38.02613
GR	Περιστέρι/Peristeri	121-34	23.67551	38.02613
GR	Περιστέρι/Peristeri	121-35	23.67551	38.02613
GR	Περιστέρι/Peristeri	121-36	23.67551	38.02613
GR	Περιστέρι/Peristeri	121-37	23.67551	38.02613
GR	Πετρούπολη/Petroupoli	132-31	23.68796	38.03895
GR	Πειραιάς/Pireas	185-31	23.66659	37.94797
GR	Πειραιάς/Pireas	185-32	23.66659	37.94797
GR	Πειραιάς/Pireas	185-33	23.66659	37.94797
GR	Πειραιάς/Pireas	185-34	23.66659	37.94797
GR	Πειραιάς/Pireas	185-35	23.66659	37.94797
GR	Πειραιάς/Pireas	185-36	23.66659	37.94797
GR	Πειραιάς/Pireas	185-37	23.66659	37.94797
GR	Πειραιάς/Pireas	185-38	23.66659	37.94797
GR	Πειραιάς/Pireas	185-39	23.66659	37.94797
GR	Πειραιάς/Pireas	185-40	23.66659	37.94797
GR	Πειραιάς/Pireas	185-41	23.66659	37.94797
GR	Πειραιάς/Pireas	185-42	23.66659	37.94797
GR	Πειραιάς/Pireas	185-43	23.66659	37.94797
GR	Πειραιάς/Pireas	185-44	23.66659	37.94797
GR	Πειραιάς/Pireas	185-45	23.66659	37.94797
GR	Πειραιάς/Pireas	185-46	23.66659	37.94797
GR	Πειραιάς/Pireas	185-47	23.66659	37.94797
GR	Πολιτεια/Politia	145-65	23.78734	38.30309
GR	Ποροσ Τροιζινιασ/Poros Trizinias	180-20	23.21562	37.55888
GR	Ποταμοσ/Potamos	802-00	22.96071	36.30023
GR	Ψυχικό/Psychiko	152-37	23.77221	38.01176
GR	Ψυχικό/Psychiko	154-51	23.77221	38.01176
GR	Ψυχικό/Psychiko	154-52	23.77221	38.01176
GR	Ραφήνα/Rafina	190-09	24.00497	38.02164
GR	Ροδόπολη/Rodopoli	145-74	23.87542	38.11647
GR	Σαλαμίνα/Salamina	189-00	23.51333	37.92908
GR	Σπάτα/Spata	190-04	23.91353	37.96724
GR	Σπέτσες/Spetses	180-50	23.13224	37.26260
GR	Σταυροσ/Stairos	153-44	23.84063	37.98462
GR	Σταυροσ/Stairos	153-49	23.84063	37.98462
GR	Σταμάτα/Stamata	145-75	23.88165	38.12511
GR	Ταύρος/Tavros	177-78	22.84200	37.24001
GR	Θρακομακεδόνες/Thrakomakedones	136-76	23.75436	38.13047
GR	Βάρη/Vari	166-72	23.80632	37.82561
GR	Βίλια/Vilia	190-12	23.33758	38.16700
GR	Βούλα/Voula	166-73	23.76518	37.84713
GR	Βουλιαγμένη/Vouliagmeni	166-71	23.77816	37.81275
GR	Βριλήσσια/Vrilissia	152-35	23.82956	38.03403
GR	Βύρωνας/Vyronas	162-31	23.75296	37.96137
GR	Βύρωνας/Vyronas	162-32	23.75296	37.96137
GR	Βύρωνας/Vyronas	162-33	23.75296	37.96137
GR	Υμηττός/Ymittos	172-36	23.81667	37.96300
GR	Υμηττός/Ymittos	172-37	23.81667	37.96300
GR	Ζωγράφου/Zografou	157-71	23.77816	37.98049
GR	Ζωγράφου/Zografou	157-72	23.77816	37.98049
GR	Ζωγράφου/Zografou	157-73	23.77816	37.98049
GR	Αντικυρα/Adikira	320-12	22.62675	38.38170
GR	Αγια Αννα/Agia Anna	340-10	23.40617	38.87771
GR	Άγιος Γεώργιος/Agios Georgios	320-07	22.96668	38.42605
GR	Αγιοσ Κωνσταντινοσ/Agios Konstadinos	350-06	22.86418	38.74796
GR	Άγραφα/Agrafa	360-73	21.64970	39.13977
GR	Αυλωναρι/Ailonari	340-09	24.12015	38.48670
GR	Αλίαρτος/Aliartos	320-01	23.10133	38.37587
GR	Αλιβερι/Aliveri	345-00	24.03767	38.40976
GR	Αμαρυνθοσ/Amarinthos	340-06	23.66868	38.43069
GR	Αμφικλεια/Amfiklia	350-02	22.58905	38.64043
GR	Άμφισσα/Amfissa	331-00	22.37841	38.52733
GR	Αράχωβα/Arachova	320-04	22.59603	38.48900
GR	Αταλαντη/Ataladi	352-00	22.99484	38.65466
GR	Άγιος Γεώργιος/Ayios Yeoryios	350-17	22.24095	38.87171
GR	Χαλκιδα/Chalkida	341-00	23.59069	38.46253
GR	Δαυλεια/Dailia	320-08	22.73290	38.51493
GR	Δελφοι/Delfi	330-54	22.48960	38.48202
GR	Δεσφίνα/Desfina	330-50	22.52948	38.41727
GR	Δίστομο/Distomo	320-05	22.66752	38.42952
GR	Δομοκός/Domokos	350-10	22.28609	39.12830
GR	Δομβραινα/Domvrena	320-10	22.98080	38.25328
GR	Ευπαλιο/Efpalio	330-56	21.97610	38.45272
GR	Ελατεια/Elatia	350-04	22.75924	38.62963
GR	Ερατεινη/Eratini	330-58	22.23227	38.36082
GR	Ερετρια/Eretria	340-08	22.60368	39.30181
GR	Φουρνα/Foyrna	360-80	21.83301	39.03959
GR	Γαλαξίδι/Galaxidi	330-52	22.38463	38.37662
GR	Γρανιτσα/Granitsa	360-72	21.49913	39.02491
GR	Γραβιά/Gravia	330-57	22.42949	38.67381
GR	Οινοφυτα/Inofita	320-11	23.63792	38.31010
GR	Υπατη/Ipati	350-16	22.24095	38.87171
GR	Ιστιαια/Istiea	342-00	23.15097	38.95358
GR	Καμμενα Βουρλα/Kammena Voyrla	350-08	22.78241	38.77782
GR	Καρυστοσ/Karistos	340-01	24.42034	38.01541
GR	Καρπενήσι/Karpenisi	361-00	21.79437	38.91725
GR	Καρπενήσι/Karpenisi	361-71	21.79437	38.91725
GR	Καθενοι/Katheni	340-18	23.77227	38.57065
GR	Κατω Τιθορεα/Kato Tithorea	350-15	22.71290	38.60920
GR	Κερασοχωρι/Kerasochori	360-71	21.64222	38.99724
GR	Κυμη/Kimi	340-03	24.10326	38.63451
GR	Κυριακι/Kiriaki	320-06	26.18333	41.30000
GR	Κονιστρεσ/Konistres	340-16	23.97744	38.55738
GR	Κριεζα/Krieza	340-17	24.12727	38.40022
GR	Κρικελλο/Krikello	360-76	22.43246	38.82546
GR	Κροκυλειο/Krokilio	330-61	22.02379	38.68335
GR	Λαμία/Lamia	351-00	22.43335	38.89990
GR	Λαρυμνα/Larimna	350-12	23.28605	38.56540
GR	Λιδορίκι/Lidoriki	330-53	22.16687	38.61508
GR	Λιμνη/Limni	340-05	23.31090	38.81864
GR	Λιβαδεια/Livadia	321-00	22.85822	38.45547
GR	Λιβανατεσ/Livanates	350-07	23.04912	38.71111
GR	Λουτρα Αιδηψου/Loytra Edipshoy	343-00	23.04158	38.85779
GR	Μαντουδι/Madoydi	340-04	23.50450	38.80400
GR	Μακρακώμη/Makrakomi	350-11	22.11579	38.94158
GR	Μαλεσινα/Malesina	350-01	23.23146	38.62292
GR	Μαρμαρι/Marmari	340-13	24.35791	38.07692
GR	Μαρτινο/Martino	350-05	23.21711	38.56759
GR	Μωλοσ/Molos	350-09	22.64445	38.81081
GR	Νεα Αρτακη/Nea Artaki	346-00	23.63855	38.51248
GR	Ορχομενός/Orchomenos	323-00	23.07268	38.51089
GR	Ωρεοι/Orei	340-12	23.09081	38.94810
GR	Παραλια Διστομου/Paralia Distomoy	320-03	22.65274	38.38988
GR	Πελασγια/Pelasgia	350-13	22.83907	38.94877
GR	Πολύδροσο/Polydroso	330-51	22.54579	38.62510
GR	Προυσοσ/Proysos	360-74	21.64222	38.75795
GR	Ψαχνα/Pshachna	344-00	23.64427	38.62906
GR	Ραπτοπουλο/Raptopoylo	360-70	21.46899	39.16119
GR	Σχηματαρι/Schimatari	320-09	23.57986	38.34649
GR	Σκυροσ/Skiros	340-07	24.56436	38.90641
GR	Σπερχειαδα/Sperchiada	350-03	22.12602	38.90927
GR	Στενη Διρφυοσ/Steni Dirfyos	340-14	23.83468	38.58823
GR	Στυλιδα/Stilida	353-00	22.61925	38.91444
GR	Στυρα/Stira	340-15	24.23895	38.15872
GR	Θηβα/Thiva	322-00	23.31760	38.31976
GR	Βαγια/Vagia	320-02	23.16798	38.33155
GR	Βασιλικο/Vasiliko	340-02	20.98090	37.71349
GR	Αμπελοκηποι/Abelokipi	561-21	22.91184	40.67524
GR	Αμπελοκηποι/Abelokipi	561-23	22.91184	40.67524
GR	Άγιος Αθανάσιος/Agios Athanasios	570-03	19.68047	39.71638
GR	Άγιος Νικόλαος/Agios Nikolaos	630-78	23.67998	40.27562
GR	Αγιοσ Παυλοσ/Agios Pailos	546-36	22.96843	40.63691
GR	Αγιοσ Παυλοσ/Agios Pailos	554-38	22.96843	40.63691
GR	Αλεξανδρεια/Alexandria	593-00	22.45108	40.62868
GR	Αλιστράτη/Alistrati	620-45	23.95530	41.07008
GR	Αριδαια/Aridea	584-00	22.06276	40.97530
GR	Αρναια/Arnea	630-74	23.60137	40.49487
GR	Αρνισσα/Arnissa	580-02	21.84036	40.80304
GR	Ασκοσ/Askos	570-16	23.37931	40.75574
GR	Ασπροβαλτα/Asprovalta	570-21	23.70943	40.71861
GR	Ασβεστοχωρι/Asvestochori	570-10	20.77746	39.62479
GR	Αξιουπολη/Axioupoli	614-00	22.54046	40.98540
GR	Χαλαστρα/Chalastra	573-00	22.73331	40.62757
GR	Χαλκηδωνα/Chalkidona	570-07	22.59603	40.68772
GR	Χερσο/Cherso	610-02	22.77829	41.08877
GR	Χρυσο/Chriso	620-46	24.86595	41.23318
GR	Δαφνη Αγιου Ορουσ/Dafni Agioy Oroys	630-87	23.26922	40.32012
GR	Διαβατά/Diavata	570-08	22.85859	40.68747
GR	Δραβησκοσ/Draviskos	620-52	23.87177	40.92354
GR	Έδεσσα/Edessa	582-00	22.05069	40.80240
GR	Ευκαρπια/Efkarpia	564-29	22.95950	40.69415
GR	Ευοσμο/Efosmo	562-24	22.93269	40.66848
GR	Ευοσμο/Efosmo	564-31	22.93269	40.66848
GR	Ευρωποσ/Efropos	610-07	22.55995	40.89472
GR	Αιγινιο/Eginio	603-00	22.54155	40.50222
GR	Ελευθεριο/Eleftherio	563-34	22.89099	40.67237
GR	Επανομη/Epanomi	575-00	22.92866	40.42547
GR	Εξαπλατανοσ/Exaplatanos	580-04	22.14322	40.97515
GR	Γαλατιστα/Galatista	630-73	23.28649	40.46175
GR	Γιαννιτσά/Giannitsa	581-00	22.41150	40.79310
GR	Γουμενισσα/Goymenissa	613-00	22.46515	40.95295
GR	Ιερισσοσ/Ierissos	630-75	23.87498	40.39736
GR	Ηρακλεια/Iraklia	624-00	23.31090	41.15149
GR	Ειρηνουπολη/Irinoypoli	590-34	22.22648	40.67620
GR	Καλαμαριά/Kalamaria	551-31	22.96843	40.57939
GR	Καλαμαριά/Kalamaria	551-32	22.96843	40.57939
GR	Καλαμαριά/Kalamaria	551-33	22.96843	40.57939
GR	Καλαμαριά/Kalamaria	551-34	22.96843	40.57939
GR	Καλοχωρι/Kalochori	570-09	22.84630	40.64556
GR	Καρυεσ Αγιου Ορουσ/Karies Agioy Oroys	630-86	24.21527	40.26449
GR	Καρυωτισσα/Kariotissa	580-01	22.31316	40.77007
GR	Κασσανδρεια/Kassandria	630-77	23.42313	40.05004
GR	Κατερίνη/Katerini	601-00	22.50866	40.27148
GR	Κατω Ποροια/Kato Poria	620-55	23.01345	41.28063
GR	Κιλκίς/Kilkis	611-00	22.95354	41.01695
GR	Κυμινα/Kimina	576-00	22.69734	40.60413
GR	Κιτροσ/Kitros	600-64	22.57433	40.37786
GR	Κολινδροσ/Kolindros	600-61	22.49379	40.48866
GR	Κοπανοσ/Kopanos	590-35	22.14067	40.63698
GR	Κορινοσ/Korinos	600-62	22.58411	40.31293
GR	Κουφαλια/Koyfalia	571-00	22.57759	40.77840
GR	Κρυα Βρυση/Kria Vrisi	583-00	22.31338	40.69596
GR	Λαγκαδάς/Lagkadas	572-00	23.12033	40.77090
GR	Λαγκαδικια/Lagkadikia	570-20	23.24685	40.63585
GR	Λεπτοκαρυα/Leptokaria	600-63	22.50067	40.08691
GR	Λιτόχωρο/Litochoro	602-00	22.51631	40.11248
GR	Μαυροθαλασσα/Mairothalassa	620-49	23.75091	40.89468
GR	Μακροχωρι/Makrochori	590-33	21.26213	40.67269
GR	Μεγαλη Παναγια/Megali Panagia	630-76	23.68022	40.44463
GR	Μελικη/Meliki	590-31	22.39586	40.52023
GR	Μελισσοχωρι/Melissochori	570-18	22.94163	40.76042
GR	Μενεμένη/Menemeni	546-28	22.91014	40.65870
GR	Μενεμένη/Menemeni	561-22	22.91014	40.65870
GR	Μεθωνη/Methoni	600-66	22.56027	40.41478
GR	Ναουσα/Naoysa	592-00	22.02379	40.61056
GR	Νεα Απολλωνια/Nea Apollonia	570-15	23.43919	40.63381
GR	Νεα Καλλικρατεια/Nea Kallikratia	630-80	23.07578	40.32337
GR	Νεα Μηχανιωνα/Nea Michaniona	570-04	22.86566	40.44335
GR	Νεα Μουδανια/Nea Moydania	632-00	23.32780	40.19369
GR	Νεα Τριγλια/Nea Triglia	630-79	23.20855	40.30601
GR	Νεα Ζιχνη/Nea Zichni	620-42	23.82864	41.03017
GR	Νεάπολη/Neapoli	567-27	22.93865	40.65278
GR	Νεάπολη/Neapoli	567-28	22.93865	40.65278
GR	Νεο Πετριτσι/Neo Petritsi	620-43	23.30000	41.26667
GR	Νεοσ Μαρμαρασ/Neos Marmaras	630-81	23.78291	40.09510
GR	Νεοσ Σκοποσ/Neos Skopos	620-44	23.60394	41.03074
GR	Νιγρίτα/Nigrita	622-00	23.50035	40.90792
GR	Νικητη/Nikiti	630-88	23.67773	40.20589
GR	Ωραιοκαστρο/Oreokastro	570-13	22.91780	40.70769
GR	Ορμυλια/Ormilia	630-71	23.54369	40.29494
GR	Πανόραμα/Panorama	552-36	23.03090	40.59743
GR	Πενταπολη/Pedapoli	620-48	23.73948	41.09716
GR	Πευκοχωρι/Pefkochori	630-85	23.61265	39.98930
GR	Πέλλα/Pella	580-00	22.52564	40.76004
GR	Πέλλα/Pella	580-05	22.52564	40.76004
GR	Περαία/Peraia	570-19	22.91720	40.50181
GR	Πυλαια/Pilea	555-35	22.98590	40.59979
GR	Πλαταμωνασ/Platamonas	600-65	22.56027	39.98698
GR	Πολίχνη/Polichni	564-29	22.94467	40.66332
GR	Πολίχνη/Polichni	565-32	22.94467	40.66332
GR	Πολίχνη/Polichni	565-33	22.94467	40.66332
GR	Πολυγυροσ/Poligiros	631-00	23.44024	40.37779
GR	Πολυκαστρο/Polikastro	612-00	22.57090	40.99788
GR	Πρωτη/Proti	620-47	23.72933	37.88444
GR	Ροδολιβοσ/Rodolivos	620-41	23.88227	40.87521
GR	Ροδόπολη/Rodopoli	620-53	23.87542	38.11647
GR	Σ. Σ. Ευζωνων/S. S. Efzonon	610-01	22.77820	41.08000
GR	Σ. Σ. Μουριων/S. S. Moyrion	610-03	22.84146	41.26230
GR	Σ. Σ. Πλατεοσ/S. S. Plateos	590-32	25.06714	39.85256
GR	Σέρρες/Serres	621-00	23.52523	40.89542
GR	Σέρρες/Serres	621-21	23.52523	40.89542
GR	Σέρρες/Serres	621-22	23.52523	40.89542
GR	Σέρρες/Serres	621-23	23.52523	40.89542
GR	Σέρρες/Serres	621-24	23.52523	40.89542
GR	Σέρρες/Serres	621-25	23.52523	40.89542
GR	Σέρρες/Serres	622-00	23.52523	40.89542
GR	Σιδηρόκαστρο/Sidirokastro	623-00	21.76643	37.33517
GR	Συκεα/Sikea	630-72	22.94244	36.76548
GR	Συκιεσ/Sikies	566-25	22.96471	40.65141
GR	Συκιεσ/Sikies	566-26	22.96471	40.65141
GR	Σινδοσ/Sindos	570-22	22.80405	40.67046
GR	Σινδοσ/Sindos	574-00	22.80405	40.67046
GR	Σκυδρα/Skidra	585-00	22.15370	40.76754
GR	Σοχοσ/Sochos	570-02	23.35854	40.83544
GR	Σταυροσ/Stairos	570-14	23.59666	40.66919
GR	Σταυρουπολη/Stairoypoli	564-29	22.93269	40.66848
GR	Σταυρουπολη/Stairoypoli	564-30	22.93269	40.66848
GR	Σταυρουπολη/Stairoypoli	564-31	22.93269	40.66848
GR	Στρυμονικο/Strimoniko	620-54	23.26327	41.04712
GR	Θερμη/Thermi	570-01	23.01967	40.54696
GR	Θεσσαλονίκη/Thessaloniki	540-15	22.94461	40.63935
GR	Θεσσαλονίκη/Thessaloniki	542-48	22.94461	40.63935
GR	Θεσσαλονίκη/Thessaloniki	542-49	22.94461	40.63935
GR	Θεσσαλονίκη/Thessaloniki	542-50	22.94461	40.63935
GR	Θεσσαλονίκη/Thessaloniki	543-51	22.94461	40.63935
GR	Θεσσαλονίκη/Thessaloniki	543-52	22.94461	40.63935
GR	Θεσσαλονίκη/Thessaloniki	544-53	22.94461	40.63935
GR	Θεσσαλονίκη/Thessaloniki	544-54	22.94461	40.63935
GR	Θεσσαλονίκη/Thessaloniki	545-00	22.94461	40.63935
GR	Θεσσαλονίκη/Thessaloniki	546-21	22.94461	40.63935
GR	Θεσσαλονίκη/Thessaloniki	546-22	22.94461	40.63935
GR	Θεσσαλονίκη/Thessaloniki	546-23	22.94461	40.63935
GR	Θεσσαλονίκη/Thessaloniki	546-24	22.94461	40.63935
GR	Θεσσαλονίκη/Thessaloniki	546-25	22.94461	40.63935
GR	Θεσσαλονίκη/Thessaloniki	546-26	22.94461	40.63935
GR	Θεσσαλονίκη/Thessaloniki	546-27	22.94461	40.63935
GR	Θεσσαλονίκη/Thessaloniki	546-28	22.94461	40.63935
GR	Θεσσαλονίκη/Thessaloniki	546-29	22.94461	40.63935
GR	Θεσσαλονίκη/Thessaloniki	546-30	22.94461	40.63935
GR	Θεσσαλονίκη/Thessaloniki	546-31	22.94461	40.63935
GR	Θεσσαλονίκη/Thessaloniki	546-32	22.94461	40.63935
GR	Θεσσαλονίκη/Thessaloniki	546-33	22.94461	40.63935
GR	Θεσσαλονίκη/Thessaloniki	546-34	22.94461	40.63935
GR	Θεσσαλονίκη/Thessaloniki	546-35	22.94461	40.63935
GR	Θεσσαλονίκη/Thessaloniki	546-36	22.94461	40.63935
GR	Θεσσαλονίκη/Thessaloniki	546-38	22.94461	40.63935
GR	Θεσσαλονίκη/Thessaloniki	546-39	22.94461	40.63935
GR	Θεσσαλονίκη/Thessaloniki	546-40	22.94461	40.63935
GR	Θεσσαλονίκη/Thessaloniki	546-41	22.94461	40.63935
GR	Θεσσαλονίκη/Thessaloniki	546-42	22.94461	40.63935
GR	Θεσσαλονίκη/Thessaloniki	546-43	22.94461	40.63935
GR	Θεσσαλονίκη/Thessaloniki	546-44	22.94461	40.63935
GR	Θεσσαλονίκη/Thessaloniki	546-45	22.94461	40.63935
GR	Θεσσαλονίκη/Thessaloniki	546-46	22.94461	40.63935
GR	Θεσσαλονίκη/Thessaloniki	546-55	22.94461	40.63935
GR	Θεσσαλονίκη/Thessaloniki	564-04	22.94461	40.63935
GR	Τριανδρία/Triandria	553-37	22.97313	40.62402
GR	Βασιλικά/Vasilika	570-06	23.13594	40.47943
GR	Βεροια/Veria	591-00	22.20300	40.52606
GR	Ξυλοπολη/Xilopoli	570-17	23.17735	40.92745
GR	Ζαγκλιβερι/Zagkliveri	570-12	23.31090	40.57663
GR	Αγια Γαληνη/Agia Galini	740-56	24.70242	35.10848
GR	Αγία Βαρβάρα/Agia Varvara	700-03	25.02287	35.13151
GR	Αγιοι Δεκα/Agii Deka	700-12	19.88507	39.55510
GR	Αγιοσ Μυρωνασ/Agios Mironas	700-13	24.98728	35.19088
GR	Άγιος Νικόλαος/Agios Nikolaos	721-00	25.67467	35.12005
GR	Αλικιανοσ/Alikianos	730-05	23.91211	35.45421
GR	Αμαρι/Amari	740-60	24.65031	35.22682
GR	Αμαρι/Amari	740-61	24.65031	35.22682
GR	Ανω Βιαννοσ/Ano Viannos	700-04	25.38890	35.05133
GR	Ανωγεια/Anogia	740-51	24.88049	35.28641
GR	Αρχάνες/Archanes	701-00	25.17706	35.23144
GR	Αρκαλοχώρι/Arkalochori	703-00	25.26532	35.14709
GR	Ασημι/Asimi	700-16	22.86250	37.55831
GR	Χανδρασ/Chandras	720-59	26.11231	35.05093
GR	Χανιά/Chania	731-00	24.02171	35.51581
GR	Χανιά/Chania	731-31	24.02171	35.51581
GR	Χανιά/Chania	731-32	24.02171	35.51581
GR	Χανιά/Chania	731-33	24.02171	35.51581
GR	Χανιά/Chania	731-34	24.02171	35.51581
GR	Χανιά/Chania	731-35	24.02171	35.51581
GR	Χανιά/Chania	731-36	24.02171	35.51581
GR	Χωρα Σφακιων/Chora Sfakion	730-11	24.13657	35.20119
GR	Δαφνεσ/Dafnes	700-11	25.05846	35.19584
GR	Ελουντα/Eloyda	720-53	25.72332	35.26170
GR	Επισκοπή/Episkopi	740-55	24.34270	35.29061
GR	Γαραζο/Garazo	740-54	24.78879	35.34434
GR	Γάζι/Gazi	714-14	25.01101	35.37100
GR	Ηράκλειο/Heraklion	712-01	25.11184	35.29218
GR	Ηράκλειο/Heraklion	712-02	25.11184	35.29218
GR	Ηράκλειο/Heraklion	713-03	25.11184	35.29218
GR	Ηράκλειο/Heraklion	713-04	25.11184	35.29218
GR	Ηράκλειο/Heraklion	713-05	25.11184	35.29218
GR	Ηράκλειο/Heraklion	713-06	25.11184	35.29218
GR	Ηράκλειο/Heraklion	713-07	25.11184	35.29218
GR	Ηράκλειο/Heraklion	713-09	25.11184	35.29218
GR	Ηράκλειο/Heraklion	714-09	25.11184	35.29218
GR	Ηράκλειο/Heraklion	714-10	25.11184	35.29218
GR	Ιεράπετρα/Ierapetra	722-00	25.74244	35.01548
GR	Ηρακλειο/Iraklio	715-00	25.01101	35.28868
GR	Καλυβεσ/Kalives	730-03	24.13204	35.43713
GR	Κάνδανος,Κάντανος/Kandanos	730-04	23.73654	35.33376
GR	Καστελλι/Kastelli	700-06	24.38229	40.92224
GR	Κίσσαμος/Kissamos	733-00	23.64427	35.46686
GR	Κίσσαμος/Kissamos	734-00	23.64427	35.46686
GR	Κολυμβαρι/Kolimvari	730-06	23.75138	35.55834
GR	Κριτσα/Kritsa	720-51	25.64382	35.16021
GR	Κρουσωνασ/Kroysonas	700-01	24.93982	35.22190
GR	Λιμενασ Χερσονησου/Limenas Chersonisoy	700-14	25.35487	35.30499
GR	Μαλεσ/Males	720-56	25.58527	35.08018
GR	Μάλια/Malia	700-07	25.46373	35.28650
GR	Μοιρεσ/Mires	704-00	24.83301	34.96644
GR	Μυρθιοσ/Mirthios	740-00	24.40292	35.19905
GR	Μυρθιοσ/Mirthios	740-60	24.40292	35.19905
GR	Μοχοσ/Mochos	700-05	25.42279	35.26369
GR	Μουρνιεσ/Moyrnies	733-00	24.01609	35.47968
GR	Ν. Αλικαρνασσοσ/N. Alikarnassos	716-01	25.16445	35.32876
GR	Νεάπολη Κρητησ/Neapoli Kritis	724-00	23.98685	37.96400
GR	Παλαιοχωρα/Paleochora	730-01	23.64427	35.30117
GR	Πάνορμος/Panormos	740-57	24.94853	35.38068
GR	Πέραμα/Perama	740-52	20.84559	39.69355
GR	Πέραμα Ρεθυμνησ/Perama Rethimnis	740-52	24.73626	35.38025
GR	Πυργοσ/Pirgos	700-10	25.16520	35.01764
GR	Πυργοσ Ηρακλειου/Pirgos Iraklioy	700-10	25.14946	35.04269
GR	Πυργοσ Μονοφατσιου/Pirgos Monofatsioy	700-10	25.16520	35.01764
GR	Πλατανια/Platania	730-14	23.28339	39.14720
GR	Ρεθυμνο/Rethymno	741-00	24.47473	35.36687
GR	Ροδοβανι/Rodovani	730-09	23.78242	35.28917
GR	Σητεία/Sitia	723-00	26.10193	35.21663
GR	Σουδα/Soyda	732-00	24.06664	35.47676
GR	Σπηλι/Spili	740-53	24.53611	35.21889
GR	Σταυροχωρι/Stairochori	720-55	25.93497	35.08138
GR	Τυμπακι/Tibaki	702-00	24.78553	35.05946
GR	Τουρλωτη/Toyrloti	720-57	25.93906	35.15977
GR	Τζερμιαδο/Tzermiado	720-52	25.48873	35.19890
GR	Βάμος/Vamos	730-08	24.20822	35.40312
GR	Βαθη Χανιων/Vathi Chanion	730-12	23.59567	35.35997
GR	Βουκολιεσ/Voykolies	730-02	23.79898	35.44508
GR	Βρυσεσ/Vrises	730-07	24.26283	35.33710
GR	Ζαρός/Zaros	700-02	24.90505	35.12345
GR	Αλεξανδρουπολη/Alexandroypoli	681-00	25.86194	40.84704
GR	Αμυγδαλεωνασ/Amigdaleonas	640-12	24.35793	40.96389
GR	Αβδηρα/Avdira	670-61	24.96355	40.98434
GR	Χανιά/Chania	654-04	24.38465	40.92721
GR	Χρυσουπολη/Chrisoypoli	642-00	24.70419	40.98414
GR	Διδυμοτειχο/Didimoticho	683-00	26.35568	41.46181
GR	Δικαια/Dikea	680-07	26.29794	41.70458
GR	Δοξάτο/Doxato	663-00	24.22716	41.07532
GR	Δράμα/Drama	661-00	24.15226	41.15044
GR	Εχινοσ/Echinos	673-00	24.97285	41.27586
GR	Ευλαλο/Eflalo	672-00	24.83301	40.96690
GR	Ελευθερουπολη/Eleftheroypoli	641-00	24.25341	40.91554
GR	Φερεσ/Feres	685-00	26.02883	40.75842
GR	Φωτολιβοσ/Fotolivos	660-34	24.03944	41.06491
GR	Γεφυρα Κηπων/Gefira Kipon	680-12	26.26000	40.96000
GR	Γενισεα/Genisea	670-64	25.01101	41.06815
GR	Ιασμοσ/Iasmos	692-00	25.18220	41.12422
GR	Καλαμπακι/Kalabaki	660-31	24.18795	41.05088
GR	Κατω Νευροκοπι/Kato Nefrokopi	660-33	23.86659	41.34397
GR	Καβάλα/Kavala	652-01	24.37173	40.94797
GR	Καβάλα/Kavala	653-02	24.37173	40.94797
GR	Καβάλα/Kavala	654-03	24.37173	40.94797
GR	Καβάλα/Kavala	654-04	24.37173	40.94797
GR	Καβάλα/Kavala	655-00	24.37173	40.94797
GR	Κεχροκαμποσ/Kechrokabos	640-09	24.63678	41.15652
GR	Κεραμωτη/Keramoti	640-11	24.71957	40.88069
GR	Κυπρινοσ/Kiprinos	680-06	26.25409	41.57097
GR	Κυρια/Kiria	660-32	24.28926	41.09927
GR	Κομοτηνή/Komotini	690-00	25.40553	41.11887
GR	Κομοτηνή/Komotini	691-00	25.40553	41.11887
GR	Κρηνιδεσ/Krinides	640-03	24.40545	41.02591
GR	Λαγοσ/Lagos	670-63	25.19484	40.95446
GR	Λαβαρα/Lavara	680-04	26.38174	41.27196
GR	Λιμεναρια/Limenaria	640-02	24.59333	40.63976
GR	Μεταξαδεσ/Metaxades	680-10	26.25409	41.42160
GR	Μουσθενη/Moystheni	640-08	24.10074	40.86012
GR	Νέα Πέραμος/Nea Peramos	640-07	24.30239	40.84426
GR	Νεα Βυσσα/Nea Vissa	680-01	26.54388	41.58994
GR	Νικηφόρος/Nikiforos	660-37	24.32167	41.12867
GR	Νικησιανη/Nikisiani	640-01	24.13907	40.94727
GR	Ορεστιάδα/Orestiada	682-00	26.35568	41.46181
GR	Οργανη/Organi	695-00	25.68122	41.25355
GR	Παρανεστι/Paranesti	660-35	24.50154	41.26670
GR	Πεπλοσ/Peplos	680-13	26.26814	40.96603
GR	Πρινοσ/Prinos	640-10	21.58390	39.54950
GR	Προσοτσανη/Prosotsani	662-00	23.97216	41.17864
GR	Ριζια/Rizia	680-14	26.42605	41.62338
GR	Σαμοθρακη/Samothraki	680-02	25.59179	40.44768
GR	Σαπεσ/Sapes	693-00	25.71018	41.08353
GR	Σουφλι/Soyfli	684-00	26.22501	41.12975
GR	Σταυρουπολη/Stairoypoli	670-62	24.66679	41.25117
GR	Θάσος/Thasos	640-04	24.72617	40.73441
GR	Θεολογοσ/Theologos	640-05	24.68924	40.65923
GR	Τυχερο/Tichero	680-03	26.22501	41.12975
GR	Ξάνθη/Xanthi	671-00	24.88400	41.13593
GR	Ξάνθη/Xanthi	671-50	24.88400	41.13593
GR	Ξυλαγανη/Xilagani	694-00	25.44966	40.93740
GR	Αγναντα/Agnada	470-43	21.06989	39.46430
GR	Ανω Καλεντινη/Ano Kaledini	470-44	21.21296	39.27851
GR	Άρτα/Arta	471-00	20.97451	39.16451
GR	Ασπραγγελοι/Asprageli	440-07	20.72870	39.82366
GR	Δελβινάκι/Delvinaki	440-02	20.46517	39.93397
GR	Δερβιζιανα/Derviziana	440-09	20.73609	39.40785
GR	Δημαρι/Dimari	470-48	21.21296	39.15927
GR	Δολιανα/Doliana	440-04	20.59305	39.90912
GR	Φιλιατεσ/Filiates	463-00	20.37854	39.65216
GR	Φιλιππιαδα/Filippiada	482-00	20.88114	39.20396
GR	Φιλοθέη/Filothei	470-42	20.91490	39.14581
GR	Γρεβενιτιο/Grevenitio	440-14	21.00465	39.80660
GR	Ηγουμενιτσα/Igoymenitsa	461-00	20.26553	39.50615
GR	Ιωάννινα/Ioannina	452-21	20.85529	39.64320
GR	Ιωάννινα/Ioannina	453-32	20.85529	39.64320
GR	Ιωάννινα/Ioannina	453-33	20.85529	39.64320
GR	Ιωάννινα/Ioannina	454-44	20.85529	39.64320
GR	Ιωάννινα/Ioannina	454-45	20.85529	39.64320
GR	Ιωάννινα/Ioannina	455-00	20.85529	39.64320
GR	Καλεντζι/Kaledzi	440-13	20.95409	39.51735
GR	Καναλλακι/Kanallaki	480-62	20.59898	39.23723
GR	Κεφαλοβρυσο/Kefalovriso	440-06	20.56389	40.01389
GR	Κομποτι/Koboti	470-40	21.08372	39.10222
GR	Κόνιτσα/Konitsa	441-00	20.74890	40.04546
GR	Λουροσ/Loyros	480-61	20.68841	39.25765
GR	Μαργαριτι/Margariti	460-30	20.41429	39.37767
GR	Μέτσοβο/Metsovo	442-00	21.18259	39.77018
GR	Μηλιανα/Miliana	470-47	21.33848	39.26617
GR	Νεοχωρι/Neochori	470-41	20.99239	39.03659
GR	Παλαιοσελι/Paleoseli	440-19	20.87913	40.05252
GR	Παραμυθια/Paramithia	462-00	20.51138	39.46810
GR	Παραμυθια/Paramithia	463-00	20.51138	39.46810
GR	Πάργα/Parga	480-60	20.39364	39.29303
GR	Πετα/Peta	472-00	21.03412	39.16326
GR	Πυρσογιαννη/Pirsogianni	440-15	20.85529	40.27264
GR	Πραμαντα/Pramada	440-01	21.09704	39.52391
GR	Πρέβεζα/Preveza	481-00	20.75051	38.96099
GR	Ροδαυγη/Rodaigi	470-46	20.99850	39.32554
GR	Θεσπρωτικο/Thesprotiko	483-00	20.78511	39.24981
GR	Τσεπελοβο/Tsepelovo	440-10	20.82031	39.90472
GR	Βουργαρελι/Voyrgareli	470-45	21.16527	39.36695
GR	Βροσινα/Vrosina	440-17	20.51532	39.64598
GR	Ζίτσα/Zitsa	440-03	20.64906	39.75375
GR	Αγια Ευφημια/Agia Effimia	280-81	20.61491	38.27720
GR	Αργοστόλι/Argostoli	281-00	20.54538	38.19995
GR	Φισκαρδο/Fiskardo	280-84	20.57597	38.45989
GR	Γαιοσ/Geos	490-82	20.18734	39.19562
GR	Ιθακη/Ithaki	283-00	20.71799	38.36312
GR	Κάλαμος/Kalamos	310-81	20.90894	38.62187
GR	Καρουσαδεσ/Karoysades	490-81	19.71750	39.76577
GR	Καστελλανοι Μεσησ/Kastellani Mesis	490-84	19.87823	39.52389
GR	Κατασταρι/Katastari	290-90	20.75683	37.82992
GR	Κερκυρα/Kerkira	491-00	19.91959	39.61930
GR	Λευκάδα/Lefkada	310-80	20.64073	38.70665
GR	Λευκάδα/Lefkada	311-00	20.64073	38.70665
GR	Λευκίμμη/Lefkimmi	490-80	26.19680	41.02307
GR	Ληξουρι/Lixoyri	282-00	20.43874	38.20179
GR	Μαχαιραδο/Macherado	290-92	20.80959	37.75875
GR	Πόρος/Poros	280-86	20.73609	38.12457
GR	Σαμη/Sami	280-80	20.64877	38.25201
GR	Σκριπερο/Skripero	490-83	19.77444	39.69801
GR	Σκριπερο/Skripero	491-83	19.77444	39.69801
GR	Σταυροσ Ιθακησ/Stairos Ithakis	283-01	20.71799	38.36312
GR	Βασιλικη/Vasiliki	310-82	21.70593	39.63954
GR	Βαθυ/Vathi	310-83	20.77915	38.65529
GR	Βολιμεσ/Volimes	290-91	20.65820	37.87486
GR	Ζακυνθοσ/Zakinthos	291-00	20.89778	37.78288
GR	Αντισσα/Adissa	811-03	25.98035	39.23360
GR	Αγια Παρασκευη/Agia Paraskefi	811-02	26.30133	39.23942
GR	Αγιάσος/Agiasos	811-01	26.34856	39.11160
GR	Άγιος Ευστράτιος/Agios Efstratios	815-00	25.01101	39.51426
GR	Αγιοσ Κηρυκοσ/Agios Kirikos	833-00	26.26590	37.62971
GR	Χίος/Chios	821-00	26.08867	38.37316
GR	Ευδηλοσ/Efdilos	833-02	26.17139	37.61250
GR	Ερεσοσ/Eresos	811-05	25.93268	39.17678
GR	Φουρνοι/Foyrni	834-00	26.43709	37.58375
GR	Οινουσσεσ/Inoysses	821-01	25.16072	35.29884
GR	Καλαμωτη/Kalamoti	821-02	26.04488	38.23448
GR	Καλλονη/Kalloni	811-00	26.15958	39.23486
GR	Καλλονη/Kalloni	811-07	26.15958	39.23486
GR	Καρδαμυλα/Kardamila	823-00	26.11005	38.54304
GR	Καρλόβασι/Karlovasi	832-00	26.70433	37.79189
GR	Μανταμαδοσ/Madamados	811-04	26.34856	39.30543
GR	Μαραθοκαμποσ/Marathokabos	831-02	26.61996	37.72285
GR	Μυρινα/Mirina	814-00	25.06263	39.87699
GR	Μηθυμνα/Mithimna	811-08	26.36667	39.17361
GR	Μυτιληνη/Mitilini	811-00	26.59814	39.05801
GR	Μυτιληνιοι/Mitilinii	831-01	26.90880	37.72697
GR	Μουδροσ/Moydros	814-01	25.30746	39.90065
GR	Παππαδοσ/Pappados	811-06	26.45693	39.03870
GR	Πέραμα/Perama	811-11	20.84559	39.69355
GR	Πέτρα/Petra	811-09	22.57290	40.99214
GR	Πυργοσ/Pirgos	831-04	26.80857	37.71646
GR	Πυργοσ Σαμου/Pirgos Samoy	831-04	26.80857	37.71646
GR	Πυθαγορειο/Pithagorio	831-03	26.94114	37.69133
GR	Πλωμάρι/Plomari	812-00	26.36850	38.97503
GR	Πολιχνιτοσ/Polichnitos	813-00	26.20684	39.06814
GR	Ψαρα/Pshara	821-04	25.56361	38.54251
GR	Ράχες/Raches	833-01	26.06503	37.56815
GR	Σάμος/Samos	831-00	26.97347	37.73524
GR	Βολισσοσ/Volissos	821-03	25.92687	38.48406
GR	Βρονταδοσ/Vrodados	822-00	26.07685	38.42510
GR	Άγια Τρίας	210-55	22.89255	37.64741
GR	Αγιοι Θεοδωροι/Agii Theodori	200-03	23.14092	37.92879
GR	Αγιοσ Ανδρεασ/Agios Andreas	220-06	19.75237	39.79741
GR	Άγιος Νικόλαος/Agios Nikolaos	240-24	22.35762	36.83830
GR	Ανδρουσα/Androysa	240-13	21.94372	37.10945
GR	Αρχαια Κορινθοσ/Archea Korinthos	200-07	22.88393	37.90643
GR	Αρεοπολη/Areopoli	230-62	22.38162	36.66607
GR	Άργος/Argos	210-00	22.66754	37.61041
GR	Άργος/Argos	212-00	22.66754	37.61041
GR	Αριστομενησ/Aristomenis	240-15	21.82109	37.11676
GR	Αστροσ/Astros	220-01	22.71873	37.40315
GR	Αθικια/Athikia	200-05	22.92826	37.81725
GR	Χατζησ/Chatzis	240-14	21.83301	37.02244
GR	Χιλιομοδι/Chiliomodi	200-08	26.60398	37.30673
GR	Χωρα/Chora	246-00	21.74954	37.06918
GR	Δερβενι/Derveni	200-09	22.40530	38.08656
GR	Διαβολιτσι/Diavolitsi	240-08	21.97610	37.32135
GR	Δημητσάνα/Dimitsana	220-07	22.03936	37.59603
GR	Δωριο/Dorio	240-11	21.85649	37.28731
GR	Δρεπανο/Drepano	210-60	22.89251	37.54028
GR	Ερμιονη/Ermioni	210-51	23.24352	37.38545
GR	Φιλιατρά/Filiatra	243-00	21.58598	37.15722
GR	Γαργαλιανοι/Gargaliani	244-00	21.63647	37.06630
GR	Γερακι/Geraki	230-58	23.23455	38.97995
GR	Γερολιμενασ/Gerolimenas	230-71	22.40151	36.48100
GR	Γυθειο/Githio	232-00	22.56629	36.75945
GR	Γκουρα/Gkoyra	200-14	22.30993	37.90421
GR	Ισθμια/Isthmia	200-10	22.99996	37.91146
GR	Καμποσ/Kabos	240-16	22.26225	36.97978
GR	Καλαμάτα/Kalamata	241-00	22.10912	37.02737
GR	Καλιανοι/Kaliani	200-16	22.49176	37.89327
GR	Καρδαμυλη/Kardamili	240-22	22.23236	36.88655
GR	Καριταινα/Karitena	220-22	22.04170	37.48507
GR	Καρυές/Karyes	230-67	22.51602	37.25826
GR	Καστορειο/Kastorio	230-59	22.30483	37.16919
GR	Καστρι/Kastri	220-13	22.68100	39.62291
GR	Κατω Ασεα/Kato Asea	220-27	22.28231	37.40239
GR	Κιατο/Kiato	202-00	22.74889	38.01056
GR	Κυπαρισσια/Kiparissia	245-00	21.67011	37.24870
GR	Κοντοβαζαινα/Kodovazena	220-15	21.89897	37.79667
GR	Κοπανακι/Kopanaki	240-03	21.81704	37.28940
GR	Κορινθοσ/Korinthos	201-00	22.95205	37.94278
GR	Κορωνη/Koroni	240-04	21.88071	36.80837
GR	Κρανίδι/Kranidi	213-00	23.16183	37.37856
GR	Κροκεεσ/Krokees	230-57	22.54835	36.88226
GR	Λαγκάδια/Lagkadia	220-03	22.03571	37.68546
GR	Λεονταρι/Leodari	220-21	22.14504	37.32120
GR	Λεωνιδι/Leonidi	223-00	22.86215	37.16778
GR	Λεβίδι/Levidi	220-02	22.29576	37.68429
GR	Λυγουριο/Ligoyrio	210-52	23.07268	37.58841
GR	Λογγα/Loga	240-10	21.86282	36.87846
GR	Λουτρακι/Loytraki	203-00	22.98082	37.98059
GR	Μεγαλόπολη/Megalopoli	222-00	22.13677	37.40225
GR	Μελιγαλάς/Meligalas	240-02	21.96732	37.22816
GR	Μεσσηνη/Messini	242-00	22.00803	37.05136
GR	Μεθωνη/Methoni	240-06	21.74954	36.82330
GR	Μολαοι/Molai	230-52	22.85342	36.80451
GR	Μονεμβασιά/Monemvasia	230-70	23.05491	36.68683
GR	Ναυπλιο/Naiplio	211-00	22.80867	37.56818
GR	Νεα Επιδαυροσ/Nea Epidairos	210-54	23.12857	37.67698
GR	Νεα Κιοσ/Nea Kios	210-53	22.73973	37.59121
GR	Νεάπολη/Neapoli	230-53	23.03694	36.54866
GR	Νεμέα/Nemea	205-00	22.66274	37.82077
GR	Νιατα/Niata	230-60	22.81935	36.93739
GR	Παλαια Επιδαυροσ/Palea Epidairos	210-59	23.15699	37.63789
GR	Παλουμπα/Paloyba	220-28	22.36605	37.50940
GR	Παπαδιανικα/Papadianika	230-56	22.86327	36.71488
GR	Παραλια Καλαματασ/Paralia Kalamatas	241-01	22.13110	37.03615
GR	Παραλιο Αστροσ/Paralio Astros	220-19	22.76684	37.41574
GR	Περιγιαλι/Perigiali	200-11	22.85226	37.93081
GR	Πεταλιδι/Petalidi	240-05	21.92775	36.95935
GR	Πυλοσ/Pilos	240-01	21.73762	36.95887
GR	Ψαρι/Pshari	240-18	21.88613	37.32846
GR	Σκάλα/Skala	230-51	22.64370	36.86321
GR	Σοφικο/Sofiko	200-04	26.56260	41.41758
GR	Σπαρτη/Sparti	231-00	22.42499	37.07401
GR	Σταδιο/Stadio	220-12	22.43530	37.45887
GR	Θουρια/Thoyria	240-09	22.05005	37.08362
GR	Τολο/Tolo	210-56	22.85915	37.52058
GR	Τρίπολη/Tripoli	221-00	22.37287	37.50980
GR	Τροπαια/Tropea	220-08	21.95808	37.73275
GR	Τυρός/Tyros	220-29	22.84200	37.24001
GR	Βαλτεσινικο/Valtesiniko	220-14	22.09673	37.70532
GR	Βελο/Velo	200-02	22.76610	37.98316
GR	Βυτινα/Vitina	220-10	22.18273	37.66973
GR	Βλαχιωτησ/Vlachiotis	230-55	22.70992	36.86218
GR	Βλαχοκερασια/Vlachokerasia	220-16	22.36954	37.29493
GR	Βραχατι/Vrachati	200-06	22.74501	37.89230
GR	Ξυλοκαστρο/Xilokastro	204-00	22.63591	38.07688
GR	Ξηροκαμπι/Xirokabi	230-54	22.45063	36.95836
GR	Ζευγολατειο/Zefgolatio	200-01	22.77480	37.90134
GR	Αδαμασ/Adamas	848-01	24.49124	36.70205
GR	Αντιμαχεια/Adimachia	853-02	27.10294	36.79985
GR	Αντιπαροσ/Adiparos	840-07	25.07785	37.04426
GR	Αφαντου/Afadoy	851-03	28.16218	36.29550
GR	Αμοργός/Amorgos	840-08	25.88766	36.84002
GR	Ανάφη/Anafi	840-09	25.76786	36.35125
GR	Άνδρος/Andros	845-00	24.85675	37.86648
GR	Αρχαγγελοσ/Archagelos	851-02	28.04203	36.16538
GR	Αστυπαλαια/Astipalea	859-00	26.35160	36.54708
GR	Χαλκη/Chalki	851-10	27.58480	36.23021
GR	Χαλκειο/Chalkio	843-02	22.72620	37.88284
GR	Εμπορειον/Eborion	847-03	25.44374	36.35159
GR	Φολέγανδρος/Folegandros	840-11	24.86561	36.65174
GR	Γαυριο/Gairio	845-01	24.73568	37.88732
GR	Γενναδι/Gennadi	851-09	27.92832	36.01868
GR	Οια/Ia	847-02	25.37589	36.46190
GR	Ιαλυσοσ/Ialisos	851-01	28.15505	36.41330
GR	Ιοσ/Ios	840-01	25.35487	36.69051
GR	Ιουλισ/Ioylis	840-02	24.31037	37.60758
GR	Καλυμνοσ/Kalimnos	852-00	26.98412	36.94992
GR	Καλυθιεσ/Kalithies	851-05	23.70204	37.95552
GR	Κάρπαθος/Karpathos	857-00	27.15000	35.58069
GR	Κασοσ/Kasos	858-00	26.92637	35.40105
GR	Κίμωλος/Kimolos	840-04	24.55990	36.81734
GR	Κυθνοσ/Kithnos	840-06	24.42986	37.41249
GR	Κορθιο/Korthio	845-00	24.92202	37.77704
GR	Κορθιο/Korthio	845-02	24.92202	37.77704
GR	Κώς/Kos	853-00	27.10294	36.79985
GR	Κρεμαστη/Kremasti	851-04	28.11812	36.40093
GR	Λεροσ/Leros	854-00	26.83802	37.14884
GR	Λίνδος/Lindos	851-07	28.05959	36.08578
GR	Λειψοι/Lipshi	850-01	26.77153	37.29650
GR	Μεγιστη/Megisti	851-11	29.58794	36.15043
GR	Μυκονοσ/Mikonos	846-00	25.34302	37.44688
GR	Μήλος/Milos	848-00	24.43092	36.74690
GR	Ναουσα Παρου/Naoysa Paroy	844-01	25.23975	37.12363
GR	Νάξος,Αξιά/Naxos	843-00	25.37558	37.10682
GR	Νισυροσ/Nisiros	853-03	27.16177	36.59542
GR	Πανορμοσ Τηνου/Panormos Tinoy	842-01	25.03979	37.64288
GR	Παραδεισι/Paradisi	851-06	27.99519	36.29734
GR	Πάρος/Paros	844-00	25.21263	37.04531
GR	Πάτμος/Patmos	855-00	26.54412	37.31328
GR	Ροδοσ/Rodos	851-00	28.22701	36.44324
GR	Σεριφοσ/Serifos	840-05	24.48862	37.15628
GR	Σίφνος/Sifnos	840-03	24.70242	36.98815
GR	Σίκινος/Sikinos	840-10	25.11174	36.69323
GR	Συμη/Simi	856-00	27.83774	36.61289
GR	Συροσ/Siros	841-00	24.91609	37.46349
GR	Θηρα/Thira	847-00	25.46151	36.39316
GR	Τηλοσ/Tilos	850-02	27.37340	36.42307
GR	Τήνος/Tinos	842-00	25.16138	37.53780
GR	Αμπελωνασ/Abelonas	404-00	22.36954	39.75195
GR	Αγιά/Agia	400-03	22.76288	39.66181
GR	Αγιοφυλλο/Agiofillo	420-34	21.56160	39.86378
GR	Αγναντερο/Agnadero	430-61	21.87035	39.48547
GR	Αγριά/Agria	373-00	23.01249	39.34058
GR	Αλμυροσ/Almiros	371-00	22.74699	39.20566
GR	Αλόννησος/Alonnisos	370-05	23.89417	39.19686
GR	Ανθηρο/Anthiro	430-65	21.45144	39.35186
GR	Αργαλαστή/Argalasti	370-06	23.21612	39.23009
GR	Ελασσονα/Elassona	402-00	22.18858	39.89468
GR	Ελασσονα/Elassona	422-00	22.18858	39.89468
GR	Φαλανη/Falani	400-11	22.41127	39.70918
GR	Φαναρι/Fanari	430-64	23.23795	37.57063
GR	Φαρκαδωνα/Farkadona	420-31	22.07148	39.62522
GR	Φάρσαλα/Farsala	403-00	22.38454	39.29396
GR	Γοννοι/Gonni	400-04	22.47624	39.86094
GR	Οιχαλια/Ichalia	423-00	21.97610	39.60481
GR	Ιτέα/Itea	430-62	22.20903	39.45831
GR	Καλαμπακα/Kalabaka	422-00	21.62887	39.70662
GR	Καρδίτσα/Karditsa	431-00	21.92669	39.36556
GR	Καστανεα/Kastanea	420-36	21.23681	39.65009
GR	Κρανεα/Kranea	400-01	21.97610	39.95817
GR	Λαρισα/Larisa	410-00	22.47683	39.48467
GR	Λαρισα/Larisa	412-21	22.47683	39.48467
GR	Λαρισα/Larisa	412-22	22.47683	39.48467
GR	Λαρισα/Larisa	412-23	22.47683	39.48467
GR	Λαρισα/Larisa	413-34	22.47683	39.48467
GR	Λαρισα/Larisa	413-35	22.47683	39.48467
GR	Λαρισα/Larisa	413-36	22.47683	39.48467
GR	Λαρισα/Larisa	414-47	22.47683	39.48467
GR	Λαρισα/Larisa	415-00	22.47683	39.48467
GR	Λεονταρι/Leodari	430-63	22.14504	37.32120
GR	Λιβαδι/Livadi	400-02	22.11918	40.08601
GR	Μεσενικολασ/Mesenikolas	430-67	21.76402	39.33772
GR	Μεσοχωρα/Mesochora	420-37	21.32769	39.47344
GR	Μηλιεσ/Milies	370-10	23.17989	39.31000
GR	Μηλινα/Milina	370-13	23.22362	39.17250
GR	Μυροφυλλο/Mirofillo	420-33	21.32578	39.36761
GR	Μουζακι/Moyzaki	430-60	21.65365	39.42834
GR	Ν. Ιωνια Βολου/N. Ionia Voloy	384-45	22.93321	39.36462
GR	Ν. Ιωνια Βολου/N. Ionia Voloy	384-46	22.93321	39.36462
GR	Νεα Αγχιαλοσ/Nea Agchialos	374-00	22.79863	39.27112
GR	Παλαμάς/Palamas	432-00	22.08201	39.46436
GR	Πυλη/Pili	420-32	21.61172	39.45971
GR	Πυργετοσ/Pirgetos	400-07	22.64370	39.90155
GR	Πλατυκαμποσ/Platikabos	400-09	22.53066	39.61641
GR	Πορταρια/Portaria	370-11	22.98928	39.40882
GR	Προαστιο/Proastio	430-70	21.92840	39.49602
GR	Ρεντινα/Redina	430-68	23.56095	40.68649
GR	Συκουρι/Sikoyri	400-06	22.54835	39.80375
GR	Σκιάθος/Skiathos	370-02	23.44189	39.15629
GR	Σκόπελος/Skopelos	370-03	23.72556	39.12197
GR	Σοφαδεσ/Sofades	433-00	22.11918	39.30019
GR	Σουρπη/Soyrpi	370-08	22.89661	39.10297
GR	Τυρναβοσ/Tirnavos	401-00	22.28740	39.73691
GR	Τρίκαλα/Trikala	421-00	21.76001	39.56162
GR	Τρικέρι/Trikeri	370-09	23.07713	39.10041
GR	Τσαγκαραδα/Tsagkarada	370-12	23.17301	39.38783
GR	Βελεστινο/Velestino	375-00	22.74461	39.38245
GR	Βερδικουσσα/Verdikoyssa	400-05	21.97649	39.78129
GR	Βόλος/Volos	382-21	22.88205	39.42125
GR	Βόλος/Volos	382-22	22.88205	39.42125
GR	Βόλος/Volos	383-33	22.88205	39.42125
GR	Βόλος/Volos	383-34	22.88205	39.42125
GR	Βόλος/Volos	385-00	22.88205	39.42125
GR	Βραγκιανα/Vragkiana	430-66	23.92770	37.74054
GR	Ζαγορά/Zagora	370-01	23.10270	39.45039
GR	Αντιρριο/Adirrio	300-20	21.72569	38.39128
GR	Αγιοσ Κωνσταντινοσ/Agios Konstadinos	300-27	21.39480	38.63801
GR	Άγιος Στέφανος/Agios Stefanos	250-18	21.64769	38.11332
GR	Αγιοσ Βλασιοσ/Agios Vlasios	300-21	21.38750	38.97833
GR	Αγρίνιο/Agrinio	301-00	21.41232	38.62863
GR	Ακράτα/Akrata	250-06	22.31373	38.15414
GR	Αμαλιάδα/Amaliada	272-00	21.35061	37.79611
GR	Αμφιλοχία/Amfilochia	305-00	21.16670	38.86341
GR	Ανδραβίδα/Andravida	270-51	21.28804	37.92217
GR	Ανδριτσαινα/Andritsena	270-61	21.90430	37.48485
GR	Ανδριτσαινα/Andritsena	272-00	21.90430	37.48485
GR	Ανω Χωρα/Ano Chora	300-23	21.92363	38.59117
GR	Αρχαια Ολυμπια/Archea Olibia	270-65	21.59453	37.67965
GR	Αροάνια/Aroania	250-16	22.01109	37.88906
GR	Αστακοσ/Astakos	300-06	21.11758	38.57777
GR	Χαλανδριτσα/Chalandritsa	250-08	21.78273	38.10900
GR	Δάφνη/Dafni	250-04	21.94033	37.86599
GR	Διακοπτό,Διακοφτό/Diakopto	250-03	22.17879	38.16182
GR	Εμπεσοσ/Ebesos	300-17	21.35605	38.97268
GR	Ευηνοχωρι/Efinochori	300-14	21.54101	38.36991
GR	Εφυρα/Efira	270-69	21.51668	37.85538
GR	Αιγιο/Egio	251-00	22.07728	38.25082
GR	Αιγειρα/Egira	250-10	22.35377	38.14615
GR	Επιταλιο/Epitalio	270-58	21.54372	37.59752
GR	Ερυμανθεια/Erimanthia	250-15	21.72469	37.98189
GR	Αιτωλικο/Etoliko	304-00	21.35365	38.43808
GR	Φυτειεσ/Fities	300-09	21.21296	38.68011
GR	Γαστουνη/Gastoyni	273-00	21.25384	37.85256
GR	Γαβαλου/Gavaloy	300-15	21.59453	38.48689
GR	Καλαβρυτα/Kalavrita	250-00	22.11058	38.03107
GR	Καλαβρυτα/Kalavrita	250-01	22.11058	38.03107
GR	Καλλιθέα/Kallithea	270-62	21.78531	37.56173
GR	Καμαρεσ/Kamares	250-09	24.65375	37.03545
GR	Καρατουλα/Karatoyla	270-64	21.53550	37.73620
GR	Κατακολο/Katakolo	270-67	21.31662	37.65223
GR	Κατω Αχαια/Kato Achea	252-00	21.55003	38.13361
GR	Κατοχη/Katochi	300-07	21.25521	38.41197
GR	Κατουνα/Katoyna	300-04	20.70676	38.78082
GR	Καινουργιο/Kenoyrgio	300-05	22.72514	38.79273
GR	Κυλληνη/Killini	270-68	22.47207	37.89763
GR	Κλεπα/Klepa	300-25	21.89833	38.67985
GR	Κλειτορια/Klitoria	250-07	22.14746	37.86342
GR	Κρεστενα/Krestena	270-55	21.60718	37.58434
GR	Λαμπεια/Labia	270-63	21.80338	37.85846
GR	Λαλασ/Lalas	270-66	21.71992	37.71088
GR	Λεχαινα/Lechena	270-53	21.26082	37.93793
GR	Ματαραγκα/Mataragka	300-11	21.46336	38.50207
GR	Μενιδι/Menidi	300-16	21.11800	39.04306
GR	Μεσολογγι/Mesologi	300-02	21.43689	38.39491
GR	Μεσολογγι/Mesologi	302-00	21.43689	38.39491
GR	Μυτικασ/Mitikas	300-19	20.97451	38.72499
GR	Ναυπακτοσ/Naipaktos	303-00	21.82643	38.39553
GR	Νεα Φιγαλεια/Nea Figalia	270-56	21.77173	37.44038
GR	Νεοχωρι/Neochori	300-01	21.21296	38.47943
GR	Παλαιροσ/Paleros	300-12	20.88268	38.78354
GR	Παναιτωλιο/Panetolio	300-03	21.44385	38.58259
GR	Παραβολα/Paravola	300-10	21.52478	38.61443
GR	Πατρα/Patra	262-21	21.85348	38.28064
GR	Πατρα/Patra	262-22	21.85348	38.28064
GR	Πατρα/Patra	262-23	21.85348	38.28064
GR	Πατρα/Patra	262-24	21.85348	38.28064
GR	Πατρα/Patra	262-25	21.85348	38.28064
GR	Πατρα/Patra	262-26	21.85348	38.28064
GR	Πατρα/Patra	262-32	21.85348	38.28064
GR	Πατρα/Patra	263-31	21.85348	38.28064
GR	Πατρα/Patra	263-32	21.85348	38.28064
GR	Πατρα/Patra	263-33	21.85348	38.28064
GR	Πατρα/Patra	263-34	21.85348	38.28064
GR	Πατρα/Patra	263-35	21.85348	38.28064
GR	Πατρα/Patra	264-41	21.85348	38.28064
GR	Πατρα/Patra	264-42	21.85348	38.28064
GR	Πατρα/Patra	264-43	21.85348	38.28064
GR	Πατρα/Patra	264-44	21.85348	38.28064
GR	Πατρα/Patra	265-00	21.85348	38.28064
GR	Πατρα/Patra	265-04	21.85348	38.28064
GR	Πυργοσ/Pirgos	271-00	21.42759	37.69118
GR	Πλατανοσ/Platanos	300-22	21.79724	38.59787
GR	Σ. Σ. Βαρδασ/S. S. Vardas	270-52	23.72260	38.07870
GR	Σιμοσ/Simos	300-26	21.85851	38.48951
GR	Θερμο/Thermo	300-08	21.66641	38.57314
GR	Τραγανο/Tragano	270-57	21.31445	37.89762
GR	Βαρθολομιο/Vartholomio	270-50	21.20624	37.86099
GR	Βονιτσα/Vonitsa	300-02	20.92682	38.89408
GR	Βονιτσα/Vonitsa	302-00	20.92682	38.89408
GR	Βραχναιικα/Vrachneika	250-02	21.66874	38.16206
GR	Ζαχάρω/Zacharo	270-54	21.68992	37.49880
GR	Ανταρτικο/Adartiko	530-76	21.20641	40.76038
GR	Άγιος Γεώργιος/Agios Georgios	510-30	21.51481	40.19815
GR	Αγιοσ Γερμανοσ/Agios Germanos	530-77	21.04604	40.78193
GR	Καστοριά/Akrites	520-58	21.01027	40.48747
GR	Αμυνταιο/Amideo	532-00	21.67888	40.69008
GR	Αργοσ Ορεστικο/Argos Orestiko	522-00	21.26225	40.44881
GR	Δεσκατη/Deskati	512-00	21.80854	39.92642
GR	Δισπηλιο/Dispilio	520-57	21.28772	40.48062
GR	Αιανη/Eani	500-04	21.82089	40.16514
GR	Εμποριο/Eborio	500-05	21.54683	40.51077
GR	Ερατυρα/Eratira	500-03	21.51241	40.34432
GR	Φιλωτασ/Filotas	530-70	21.71870	40.63501
GR	Φλώρινα/Florina	531-00	21.40983	40.78230
GR	Γρεβενά/Grevena	511-00	21.42620	40.08359
GR	Καστοριά/Kastoria	521-00	21.26817	40.51922
GR	Κορησοσ/Korisos	520-52	21.38649	40.49868
GR	Κοζάνη/Kozani	501-00	21.78596	40.30103
GR	Κροκοσ/Krokos	500-10	21.82756	40.26707
GR	Λεχοβο/Lechovo	530-73	21.49187	40.58437
GR	Μαυροχωρι/Mairochori	520-56	21.31962	40.51205
GR	Μακροχωρι/Makrochori	520-55	21.26213	40.67269
GR	Μελιτη/Meliti	530-71	21.58294	40.83250
GR	Μεσοποταμια/Mesopotamia	520-50	22.16462	38.92410
GR	Νεάπολη/Neapoli	500-01	21.40374	40.30488
GR	Νεστοριο/Nestorio	520-51	21.05714	40.41726
GR	Πενταλοφοσ/Pedalofos	500-07	21.06989	40.21253
GR	Πυργοι/Pirgi	500-06	21.83301	40.60977
GR	Πολυνερι/Polineri	510-32	21.14142	40.06178
GR	Πτολεμαιδα/Ptolemeda	502-00	21.67925	40.51148
GR	Σερβια/Servia	505-00	21.99954	40.18492
GR	Σιάτιστα/Siatista	503-00	21.54744	40.26260
GR	Σκληθρο/Sklithro	530-75	21.54683	40.62725
GR	Τσοτιλι/Tsotili	500-02	21.32573	40.26114
GR	Βευη/Vefi	530-74	21.62576	40.77445
GR	Βελβεντοσ/Velvedos	504-00	22.08075	40.24735
GR	Βίτσι/Vitsi	520-59	21.32027	40.60327
GR	Βογατσικο/Vogatsiko	520-53	21.38062	40.41479
GR	Ξινο Νερο/Xino Nero	530-72	21.62363	40.69006
